sid,first_name,last_name,email,password,degree,dept_id,graduation_year,location,dob
17d722aa-dcbe-4f9a-a517-9bd34b355809,Yasin                           ,Fischer                         ,airevita@yt-google.com                                          ,aWWv8gUJ                                                        ,CA                                                                                                                              ,6ef51086-a30a-42bc-9d43-be10e080d173,2020,f9366116-431c-4a6b-b7dc-b8437f12ae33,1998-09-02
1a589a22-184a-4338-8b92-a31b9976cfb0,Syed                            ,Fowler                          ,denisvasiliev85@mitakian.com                                    ,puqLa7jy                                                        ,MA                                                                                                                              ,b6c9797e-cfb1-4adb-9314-d42ab4f34849,2021,7148ff80-2282-4796-8750-71ec77ddea32,2003-08-06
1c4e1640-cadf-4628-a8be-f6b49635fef7,Curtis                          ,Rollins                         ,sat347@filevino.com                                             ,XzL2C9Ry                                                        ,AP                                                                                                                              ,4f63b8f7-45f4-4395-ab8d-f438e7b8eb6d,2021,4c74777a-ae80-4c95-a1cc-1127da007710,2002-08-25
2be458bf-f1c3-4393-99ea-58bab9865dea,Laiba                           ,Warner                          ,nanukie@livegolftv.com                                          ,uHrUCJXJ                                                        ,CS                                                                                                                              ,c7eedb17-78ed-44fa-812a-0d20082d0724,2021,8b75a9ae-614e-4737-b412-e179d9786f13,2003-12-13
37ee18d2-0917-4a2e-8b07-d380dd3c7ae0,Bernard                         ,Norton                          ,taratutam@54.mk                                                 ,X3pUnXnU                                                        ,CE                                                                                                                              ,ef56a68b-adfd-433c-8be0-803e67416895,2020,96b1d375-7c7d-44c2-9b06-940d6041bb7a,1999-02-23
387bb5d7-9b84-4867-8597-65ed834dddcd,Jaden                           ,Keith                           ,alanmcg@svgcube.com                                             ,LtCfBjXK                                                        ,BM                                                                                                                              ,3e30520d-1b16-411a-91da-5340b11fc62e,2022,ad71ac18-1b77-43cb-b702-04c547882754,1999-12-24
3f9f8994-e7e6-40bd-9575-f288de7eeedc,Christopher                     ,Avila                           ,tina4ebonytx@phtunneler.com                                     ,9BdG9gQQ                                                        ,CE                                                                                                                              ,c7bb5249-9aa0-4cf8-908c-b9d684d69359,2024,8b6f7e18-6825-4a33-86ac-639c2a1a512a,2001-02-25
4178f1b1-6e07-484d-9f29-329a6f65ba95,Elizabeth                       ,White                           ,djadtchenko@bizisstance.com                                     ,BI                                                              ,wLssReRG                                                                                                                        ,31cd9255-ab49-4d8f-ad3b-57ff5d27d648,2021,a4c820ff-0df2-44d0-9ee1-38ebc8955360,1998-01-17
469d7302-7fc1-403f-ac42-a84850433dfe,Adil                            ,Mcconnell                       ,rebeccagin@jagomail.com                                         ,rhMSBpnx                                                        ,AC                                                                                                                              ,ac354e1b-3840-4aa4-9d5a-9b60a2b750c9,2024,6faa3434-3cfc-4958-8a74-18cadafb85af,1998-02-10
475300e3-5ae8-48ff-a574-b293f5f596f4,Ethel                           ,Torres                          ,shurikenciya@bookwork.us                                        ,Cn6s3QeF                                                        ,ME                                                                                                                              ,1bc356ee-8182-4ea8-b7cc-6a93e50fb929,2024,1d3f3ecf-4ef2-4137-a910-5e12475dcd91,2001-10-01
48ef54ce-9740-4f39-be07-dfa839910b0b,Trystan                         ,Mitchell                        ,tommo13@indiho.info                                             ,dUxRxGkB                                                        ,MA                                                                                                                              ,6ef51086-a30a-42bc-9d43-be10e080d173,2020,67e3b988-eb19-440f-8409-1a3328ba0d8a,2003-11-30
57bba89b-10a6-49fe-afbc-6cd721a93b6d,Nancy                           ,Obrien                          ,genadonor@mitakian.com                                          ,9GZVNzzV                                                        ,AP                                                                                                                              ,42345f41-e4a8-4fc2-8b57-319092ccbc5d,2020,b817f603-0d2d-44c9-9ca4-3b2c7376c38c,1997-04-10
58b2b648-61ed-4f0b-abb4-f54d5bd19ba0,Kiera                           ,Rivas                           ,cruisers75105@484.pl                                            ,qqKtvNpk                                                        ,EE                                                                                                                              ,4e127bbe-a7d4-4cfe-8e02-41032b2921ee,2024,3298574d-7b4a-4023-8ba9-483bc9fcb951,2000-07-08
6a5593af-3a51-4ffe-b2c1-852d1d51f42c,Yahya                           ,Navarro                         ,marcelor@packiu.com                                             ,z2RFNR6d                                                        ,CE                                                                                                                              ,4623d3ba-9447-4fbf-8b4d-31aad1e92317,2023,2d5cc665-d4f7-4521-85f3-2b3dbba92a46,2002-12-25
6b143124-2d90-4d31-84d3-66f04b411423,Alia                            ,Parks                           ,neoclassic91@astyx.fun                                          ,9sT28TaW                                                        ,FRE                                                                                                                             ,31cd9255-ab49-4d8f-ad3b-57ff5d27d648,2021,2079cd26-1664-4e46-a430-b92c6032aed0,2004-03-14
6f352cc4-5329-4977-992c-0250a68c70b6,Musa                            ,Juarez                          ,hardpsy@4su.one                                                 ,dwZ2mVHa                                                        ,EC                                                                                                                              ,ba42741b-301a-4828-8f89-64007ec171e8,2023,81b07e32-502b-4ab8-b3a8-bd6e88eeb798,2000-05-31
726789c7-5a76-41cf-9e57-cc2b5a713485,Aminah                          ,Houston                         ,fraterbad@psmscientific.com                                     ,RO                                                              ,v7HkkmvY                                                                                                                        ,42345f41-e4a8-4fc2-8b57-319092ccbc5d,2020,23f2fb52-2cca-41c5-83d3-125a2414890f,2004-10-02
75fda575-78d8-411d-a343-4c5036217903,Jonah                           ,Mayo                            ,flotov@bomukic.com                                              ,MRzuy5Jb                                                        ,CS                                                                                                                              ,016569c7-80ab-48cc-8141-32102b26b70d,2023,1b6668d3-c67a-4b2f-84dd-6a23eb04b6a3,1999-01-19
8686702a-5f5e-4917-8fd2-01eb7a0369f6,Douglas                         ,Holman                          ,petey01@bizisstance.com                                         ,ydCpfzCG                                                        ,AC                                                                                                                              ,6393042f-1559-4d03-8217-1b02c17d9600,2022,53bf5d0f-e6ea-46ca-a8ac-adabfd8d03f5,1998-11-04
87c19966-a598-4199-9c20-45c58559b184,Cohen                           ,Cooper                          ,drwygn@mailsaviors.com                                          ,C6ZwqC49                                                        ,ME                                                                                                                              ,b7402ee1-7ddf-4874-ade0-9029ff4e57b0,2020,788b202b-4f6b-43ea-b470-07714652a4ce,2008-07-10
9a23f90e-aea6-4da3-807f-66f3f6c4264d,Emmanuel                        ,Friedman                        ,dotoh@filevino.com                                              ,eftPxgTu                                                        ,PA                                                                                                                              ,4623d3ba-9447-4fbf-8b4d-31aad1e92317,2023,c4635576-15cb-47d7-975f-39a1fea43389,2004-04-30
b33acf68-7a18-4d93-99bb-abdf75bc6d7f,Astrid                          ,Escobar                         ,lswleonard@bdredemptionservices.com                             ,MOT                                                             ,ZNyad6Ss                                                                                                                        ,4e127bbe-a7d4-4cfe-8e02-41032b2921ee,2024,cddeb901-8ed2-4216-99c9-f5eead2262f9,2003-07-17
bb4d5c07-02bb-4fa3-bde2-fa4e8e6bf326,Marnie                          ,Callahan                        ,teacherspike@jyzaustin.com                                      ,AbZQHPn9                                                        ,CS                                                                                                                              ,7f7722fd-61c5-41a1-8f34-0e6fa64283f4,2023,6e9f96c7-1268-4661-b393-33839bb68be4,1999-03-03
c9fec0fb-ff42-4a93-bf6f-ae142c6c6dd9,Lily                            ,Trevino                         ,sugakkolja@svgcube.com                                          ,G8spfYn5                                                        ,IT                                                                                                                              ,1bc356ee-8182-4ea8-b7cc-6a93e50fb929,2024,9f7e196c-e7ad-493f-b801-e0fb5d611e36,2004-07-30
d2deb08e-f08f-4527-89a2-6f338e2ea5bc,Miguel                          ,Morrow                          ,aliwaite@bomukic.com                                            ,LNyB3FYP                                                        ,EC                                                                                                                              ,3e30520d-1b16-411a-91da-5340b11fc62e,2022,23ebfa11-f570-44bd-8066-36fb6797f082,1998-02-27
d7c28699-7f7b-4431-81f8-ed4a2238fd30,Antonio                         ,Mcleod                          ,kuropatkatolik@ogvoice.com                                      ,QwKrR2FT                                                        ,FE                                                                                                                              ,4f63b8f7-45f4-4395-ab8d-f438e7b8eb6d,2021,dec7ca4f-5c92-43f6-8d7c-7d7b63111860,1998-02-13
df4a7175-c712-42fa-861a-45af932ad0d1,Mildred                         ,Johnston                        ,rajivgupta@scatterteam.com                                      ,gLcM3jDr                                                        ,EE                                                                                                                              ,b6d3958e-3574-44f5-af24-e7f1c09f2111,2022,72d97fe6-6a3a-4be7-9e6c-cff272358b93,2001-12-25
f01d4781-cb37-4cc8-aee9-62b380ad8380,Tahlia                          ,Lozano                          ,larryluke@484.pl                                                ,t9vqtPD7                                                        ,MA                                                                                                                              ,d9915991-1880-47a2-a21d-efce7964a593,2022,8faeca04-2e74-4944-85c3-87a0c129d0ec,2008-03-11
f5e0b97a-98fa-42b8-a845-b3ce1f86a1d9,Erika                           ,Lam                             ,jirafa12@beaufortschool.org                                     ,5PXRQtdr                                                        ,CI                                                                                                                              ,016569c7-80ab-48cc-8141-32102b26b70d,2023,98554cab-7e80-4a02-b441-6eaeb470c5e4,2002-03-18
f60655cd-0b60-4353-819d-33cddbf459ee,Sapphire                        ,Wang                            ,jetigendj@mycloudmail.tech                                      ,5A3RfS7D                                                        ,AC                                                                                                                              ,6393042f-1559-4d03-8217-1b02c17d9600,2022,f0be8752-f5c3-4423-b1f9-68ee3d3dbfe7,2000-04-22
